--
-- PostgreSQL database dump
--

SET statement_timeout = 0;
SET lock_timeout = 0;
SET client_encoding = 'UTF8';
SET standard_conforming_strings = on;
SET check_function_bodies = false;
SET client_min_messages = warning;

--
-- Name: plpgsql; Type: EXTENSION; Schema: -; Owner: 
--

CREATE EXTENSION IF NOT EXISTS plpgsql WITH SCHEMA pg_catalog;


--
-- Name: EXTENSION plpgsql; Type: COMMENT; Schema: -; Owner: 
--

COMMENT ON EXTENSION plpgsql IS 'PL/pgSQL procedural language';


SET search_path = public, pg_catalog;

SET default_tablespace = '';

SET default_with_oids = false;

--
-- Name: auth_group; Type: TABLE; Schema: public; Owner: user; Tablespace: 
--

CREATE TABLE auth_group (
    id integer NOT NULL,
    name character varying(80) NOT NULL
);


ALTER TABLE public.auth_group OWNER TO "user";

--
-- Name: auth_group_id_seq; Type: SEQUENCE; Schema: public; Owner: user
--

CREATE SEQUENCE auth_group_id_seq
    START WITH 1
    INCREMENT BY 1
    NO MINVALUE
    NO MAXVALUE
    CACHE 1;


ALTER TABLE public.auth_group_id_seq OWNER TO "user";

--
-- Name: auth_group_id_seq; Type: SEQUENCE OWNED BY; Schema: public; Owner: user
--

ALTER SEQUENCE auth_group_id_seq OWNED BY auth_group.id;


--
-- Name: auth_group_permissions; Type: TABLE; Schema: public; Owner: user; Tablespace: 
--

CREATE TABLE auth_group_permissions (
    id integer NOT NULL,
    group_id integer NOT NULL,
    permission_id integer NOT NULL
);


ALTER TABLE public.auth_group_permissions OWNER TO "user";

--
-- Name: auth_group_permissions_id_seq; Type: SEQUENCE; Schema: public; Owner: user
--

CREATE SEQUENCE auth_group_permissions_id_seq
    START WITH 1
    INCREMENT BY 1
    NO MINVALUE
    NO MAXVALUE
    CACHE 1;


ALTER TABLE public.auth_group_permissions_id_seq OWNER TO "user";

--
-- Name: auth_group_permissions_id_seq; Type: SEQUENCE OWNED BY; Schema: public; Owner: user
--

ALTER SEQUENCE auth_group_permissions_id_seq OWNED BY auth_group_permissions.id;


--
-- Name: auth_permission; Type: TABLE; Schema: public; Owner: user; Tablespace: 
--

CREATE TABLE auth_permission (
    id integer NOT NULL,
    name character varying(50) NOT NULL,
    content_type_id integer NOT NULL,
    codename character varying(100) NOT NULL
);


ALTER TABLE public.auth_permission OWNER TO "user";

--
-- Name: auth_permission_id_seq; Type: SEQUENCE; Schema: public; Owner: user
--

CREATE SEQUENCE auth_permission_id_seq
    START WITH 1
    INCREMENT BY 1
    NO MINVALUE
    NO MAXVALUE
    CACHE 1;


ALTER TABLE public.auth_permission_id_seq OWNER TO "user";

--
-- Name: auth_permission_id_seq; Type: SEQUENCE OWNED BY; Schema: public; Owner: user
--

ALTER SEQUENCE auth_permission_id_seq OWNED BY auth_permission.id;


--
-- Name: auth_user; Type: TABLE; Schema: public; Owner: user; Tablespace: 
--

CREATE TABLE auth_user (
    id integer NOT NULL,
    username character varying(30) NOT NULL,
    first_name character varying(30) NOT NULL,
    last_name character varying(30) NOT NULL,
    email character varying(75) NOT NULL,
    password character varying(128) NOT NULL,
    is_staff boolean NOT NULL,
    is_active boolean NOT NULL,
    is_superuser boolean NOT NULL,
    last_login timestamp with time zone NOT NULL,
    date_joined timestamp with time zone NOT NULL
);


ALTER TABLE public.auth_user OWNER TO "user";

--
-- Name: auth_user_groups; Type: TABLE; Schema: public; Owner: user; Tablespace: 
--

CREATE TABLE auth_user_groups (
    id integer NOT NULL,
    user_id integer NOT NULL,
    group_id integer NOT NULL
);


ALTER TABLE public.auth_user_groups OWNER TO "user";

--
-- Name: auth_user_groups_id_seq; Type: SEQUENCE; Schema: public; Owner: user
--

CREATE SEQUENCE auth_user_groups_id_seq
    START WITH 1
    INCREMENT BY 1
    NO MINVALUE
    NO MAXVALUE
    CACHE 1;


ALTER TABLE public.auth_user_groups_id_seq OWNER TO "user";

--
-- Name: auth_user_groups_id_seq; Type: SEQUENCE OWNED BY; Schema: public; Owner: user
--

ALTER SEQUENCE auth_user_groups_id_seq OWNED BY auth_user_groups.id;


--
-- Name: auth_user_id_seq; Type: SEQUENCE; Schema: public; Owner: user
--

CREATE SEQUENCE auth_user_id_seq
    START WITH 1
    INCREMENT BY 1
    NO MINVALUE
    NO MAXVALUE
    CACHE 1;


ALTER TABLE public.auth_user_id_seq OWNER TO "user";

--
-- Name: auth_user_id_seq; Type: SEQUENCE OWNED BY; Schema: public; Owner: user
--

ALTER SEQUENCE auth_user_id_seq OWNED BY auth_user.id;


--
-- Name: auth_user_user_permissions; Type: TABLE; Schema: public; Owner: user; Tablespace: 
--

CREATE TABLE auth_user_user_permissions (
    id integer NOT NULL,
    user_id integer NOT NULL,
    permission_id integer NOT NULL
);


ALTER TABLE public.auth_user_user_permissions OWNER TO "user";

--
-- Name: auth_user_user_permissions_id_seq; Type: SEQUENCE; Schema: public; Owner: user
--

CREATE SEQUENCE auth_user_user_permissions_id_seq
    START WITH 1
    INCREMENT BY 1
    NO MINVALUE
    NO MAXVALUE
    CACHE 1;


ALTER TABLE public.auth_user_user_permissions_id_seq OWNER TO "user";

--
-- Name: auth_user_user_permissions_id_seq; Type: SEQUENCE OWNED BY; Schema: public; Owner: user
--

ALTER SEQUENCE auth_user_user_permissions_id_seq OWNED BY auth_user_user_permissions.id;


--
-- Name: django_admin_log; Type: TABLE; Schema: public; Owner: user; Tablespace: 
--

CREATE TABLE django_admin_log (
    id integer NOT NULL,
    action_time timestamp with time zone NOT NULL,
    user_id integer NOT NULL,
    content_type_id integer,
    object_id text,
    object_repr character varying(200) NOT NULL,
    action_flag smallint NOT NULL,
    change_message text NOT NULL,
    CONSTRAINT django_admin_log_action_flag_check CHECK ((action_flag >= 0))
);


ALTER TABLE public.django_admin_log OWNER TO "user";

--
-- Name: django_admin_log_id_seq; Type: SEQUENCE; Schema: public; Owner: user
--

CREATE SEQUENCE django_admin_log_id_seq
    START WITH 1
    INCREMENT BY 1
    NO MINVALUE
    NO MAXVALUE
    CACHE 1;


ALTER TABLE public.django_admin_log_id_seq OWNER TO "user";

--
-- Name: django_admin_log_id_seq; Type: SEQUENCE OWNED BY; Schema: public; Owner: user
--

ALTER SEQUENCE django_admin_log_id_seq OWNED BY django_admin_log.id;


--
-- Name: django_content_type; Type: TABLE; Schema: public; Owner: user; Tablespace: 
--

CREATE TABLE django_content_type (
    id integer NOT NULL,
    name character varying(100) NOT NULL,
    app_label character varying(100) NOT NULL,
    model character varying(100) NOT NULL
);


ALTER TABLE public.django_content_type OWNER TO "user";

--
-- Name: django_content_type_id_seq; Type: SEQUENCE; Schema: public; Owner: user
--

CREATE SEQUENCE django_content_type_id_seq
    START WITH 1
    INCREMENT BY 1
    NO MINVALUE
    NO MAXVALUE
    CACHE 1;


ALTER TABLE public.django_content_type_id_seq OWNER TO "user";

--
-- Name: django_content_type_id_seq; Type: SEQUENCE OWNED BY; Schema: public; Owner: user
--

ALTER SEQUENCE django_content_type_id_seq OWNED BY django_content_type.id;


--
-- Name: django_session; Type: TABLE; Schema: public; Owner: user; Tablespace: 
--

CREATE TABLE django_session (
    session_key character varying(40) NOT NULL,
    session_data text NOT NULL,
    expire_date timestamp with time zone NOT NULL
);


ALTER TABLE public.django_session OWNER TO "user";

--
-- Name: django_site; Type: TABLE; Schema: public; Owner: user; Tablespace: 
--

CREATE TABLE django_site (
    id integer NOT NULL,
    domain character varying(100) NOT NULL,
    name character varying(50) NOT NULL
);


ALTER TABLE public.django_site OWNER TO "user";

--
-- Name: django_site_id_seq; Type: SEQUENCE; Schema: public; Owner: user
--

CREATE SEQUENCE django_site_id_seq
    START WITH 1
    INCREMENT BY 1
    NO MINVALUE
    NO MAXVALUE
    CACHE 1;


ALTER TABLE public.django_site_id_seq OWNER TO "user";

--
-- Name: django_site_id_seq; Type: SEQUENCE OWNED BY; Schema: public; Owner: user
--

ALTER SEQUENCE django_site_id_seq OWNED BY django_site.id;


--
-- Name: testapp_author; Type: TABLE; Schema: public; Owner: user; Tablespace: 
--

CREATE TABLE testapp_author (
    id integer NOT NULL,
    salutation character varying(10) NOT NULL,
    first_name character varying(30) NOT NULL,
    last_name character varying(40) NOT NULL,
    email character varying(75) NOT NULL,
    headshot character varying(100) NOT NULL
);


ALTER TABLE public.testapp_author OWNER TO "user";

--
-- Name: testapp_author_id_seq; Type: SEQUENCE; Schema: public; Owner: user
--

CREATE SEQUENCE testapp_author_id_seq
    START WITH 1
    INCREMENT BY 1
    NO MINVALUE
    NO MAXVALUE
    CACHE 1;


ALTER TABLE public.testapp_author_id_seq OWNER TO "user";

--
-- Name: testapp_author_id_seq; Type: SEQUENCE OWNED BY; Schema: public; Owner: user
--

ALTER SEQUENCE testapp_author_id_seq OWNED BY testapp_author.id;


--
-- Name: testapp_book; Type: TABLE; Schema: public; Owner: user; Tablespace: 
--

CREATE TABLE testapp_book (
    id integer NOT NULL,
    title character varying(100) NOT NULL,
    publisher_id integer NOT NULL,
    publication_date date NOT NULL
);


ALTER TABLE public.testapp_book OWNER TO "user";

--
-- Name: testapp_book_authors; Type: TABLE; Schema: public; Owner: user; Tablespace: 
--

CREATE TABLE testapp_book_authors (
    id integer NOT NULL,
    book_id integer NOT NULL,
    author_id integer NOT NULL
);


ALTER TABLE public.testapp_book_authors OWNER TO "user";

--
-- Name: testapp_book_authors_id_seq; Type: SEQUENCE; Schema: public; Owner: user
--

CREATE SEQUENCE testapp_book_authors_id_seq
    START WITH 1
    INCREMENT BY 1
    NO MINVALUE
    NO MAXVALUE
    CACHE 1;


ALTER TABLE public.testapp_book_authors_id_seq OWNER TO "user";

--
-- Name: testapp_book_authors_id_seq; Type: SEQUENCE OWNED BY; Schema: public; Owner: user
--

ALTER SEQUENCE testapp_book_authors_id_seq OWNED BY testapp_book_authors.id;


--
-- Name: testapp_book_id_seq; Type: SEQUENCE; Schema: public; Owner: user
--

CREATE SEQUENCE testapp_book_id_seq
    START WITH 1
    INCREMENT BY 1
    NO MINVALUE
    NO MAXVALUE
    CACHE 1;


ALTER TABLE public.testapp_book_id_seq OWNER TO "user";

--
-- Name: testapp_book_id_seq; Type: SEQUENCE OWNED BY; Schema: public; Owner: user
--

ALTER SEQUENCE testapp_book_id_seq OWNED BY testapp_book.id;


--
-- Name: testapp_categories; Type: TABLE; Schema: public; Owner: user; Tablespace: 
--

CREATE TABLE testapp_categories (
    id integer NOT NULL,
    name character varying(100) NOT NULL,
    parent_id integer,
    slug character varying(50) NOT NULL,
    default_image_id integer
);


ALTER TABLE public.testapp_categories OWNER TO "user";

--
-- Name: testapp_categories_id_seq; Type: SEQUENCE; Schema: public; Owner: user
--

CREATE SEQUENCE testapp_categories_id_seq
    START WITH 1
    INCREMENT BY 1
    NO MINVALUE
    NO MAXVALUE
    CACHE 1;


ALTER TABLE public.testapp_categories_id_seq OWNER TO "user";

--
-- Name: testapp_categories_id_seq; Type: SEQUENCE OWNED BY; Schema: public; Owner: user
--

ALTER SEQUENCE testapp_categories_id_seq OWNED BY testapp_categories.id;


--
-- Name: testapp_images; Type: TABLE; Schema: public; Owner: user; Tablespace: 
--

CREATE TABLE testapp_images (
    id integer NOT NULL,
    image character varying(100) NOT NULL
);


ALTER TABLE public.testapp_images OWNER TO "user";

--
-- Name: testapp_images_id_seq; Type: SEQUENCE; Schema: public; Owner: user
--

CREATE SEQUENCE testapp_images_id_seq
    START WITH 1
    INCREMENT BY 1
    NO MINVALUE
    NO MAXVALUE
    CACHE 1;


ALTER TABLE public.testapp_images_id_seq OWNER TO "user";

--
-- Name: testapp_images_id_seq; Type: SEQUENCE OWNED BY; Schema: public; Owner: user
--

ALTER SEQUENCE testapp_images_id_seq OWNED BY testapp_images.id;


--
-- Name: testapp_product; Type: TABLE; Schema: public; Owner: user; Tablespace: 
--

CREATE TABLE testapp_product (
    id integer NOT NULL,
    name character varying(100) NOT NULL,
    category_id integer,
    count integer NOT NULL,
    price integer NOT NULL,
    description text NOT NULL,
    image_id integer
);


ALTER TABLE public.testapp_product OWNER TO "user";

--
-- Name: testapp_product_id_seq; Type: SEQUENCE; Schema: public; Owner: user
--

CREATE SEQUENCE testapp_product_id_seq
    START WITH 1
    INCREMENT BY 1
    NO MINVALUE
    NO MAXVALUE
    CACHE 1;


ALTER TABLE public.testapp_product_id_seq OWNER TO "user";

--
-- Name: testapp_product_id_seq; Type: SEQUENCE OWNED BY; Schema: public; Owner: user
--

ALTER SEQUENCE testapp_product_id_seq OWNED BY testapp_product.id;


--
-- Name: testapp_publisher; Type: TABLE; Schema: public; Owner: user; Tablespace: 
--

CREATE TABLE testapp_publisher (
    id integer NOT NULL,
    name character varying(30) NOT NULL,
    address character varying(50) NOT NULL,
    city character varying(60) NOT NULL,
    state_province character varying(30) NOT NULL,
    country character varying(50) NOT NULL,
    website character varying(200) NOT NULL
);


ALTER TABLE public.testapp_publisher OWNER TO "user";

--
-- Name: testapp_publisher_id_seq; Type: SEQUENCE; Schema: public; Owner: user
--

CREATE SEQUENCE testapp_publisher_id_seq
    START WITH 1
    INCREMENT BY 1
    NO MINVALUE
    NO MAXVALUE
    CACHE 1;


ALTER TABLE public.testapp_publisher_id_seq OWNER TO "user";

--
-- Name: testapp_publisher_id_seq; Type: SEQUENCE OWNED BY; Schema: public; Owner: user
--

ALTER SEQUENCE testapp_publisher_id_seq OWNED BY testapp_publisher.id;


--
-- Name: id; Type: DEFAULT; Schema: public; Owner: user
--

ALTER TABLE ONLY auth_group ALTER COLUMN id SET DEFAULT nextval('auth_group_id_seq'::regclass);


--
-- Name: id; Type: DEFAULT; Schema: public; Owner: user
--

ALTER TABLE ONLY auth_group_permissions ALTER COLUMN id SET DEFAULT nextval('auth_group_permissions_id_seq'::regclass);


--
-- Name: id; Type: DEFAULT; Schema: public; Owner: user
--

ALTER TABLE ONLY auth_permission ALTER COLUMN id SET DEFAULT nextval('auth_permission_id_seq'::regclass);


--
-- Name: id; Type: DEFAULT; Schema: public; Owner: user
--

ALTER TABLE ONLY auth_user ALTER COLUMN id SET DEFAULT nextval('auth_user_id_seq'::regclass);


--
-- Name: id; Type: DEFAULT; Schema: public; Owner: user
--

ALTER TABLE ONLY auth_user_groups ALTER COLUMN id SET DEFAULT nextval('auth_user_groups_id_seq'::regclass);


--
-- Name: id; Type: DEFAULT; Schema: public; Owner: user
--

ALTER TABLE ONLY auth_user_user_permissions ALTER COLUMN id SET DEFAULT nextval('auth_user_user_permissions_id_seq'::regclass);


--
-- Name: id; Type: DEFAULT; Schema: public; Owner: user
--

ALTER TABLE ONLY django_admin_log ALTER COLUMN id SET DEFAULT nextval('django_admin_log_id_seq'::regclass);


--
-- Name: id; Type: DEFAULT; Schema: public; Owner: user
--

ALTER TABLE ONLY django_content_type ALTER COLUMN id SET DEFAULT nextval('django_content_type_id_seq'::regclass);


--
-- Name: id; Type: DEFAULT; Schema: public; Owner: user
--

ALTER TABLE ONLY django_site ALTER COLUMN id SET DEFAULT nextval('django_site_id_seq'::regclass);


--
-- Name: id; Type: DEFAULT; Schema: public; Owner: user
--

ALTER TABLE ONLY testapp_author ALTER COLUMN id SET DEFAULT nextval('testapp_author_id_seq'::regclass);


--
-- Name: id; Type: DEFAULT; Schema: public; Owner: user
--

ALTER TABLE ONLY testapp_book ALTER COLUMN id SET DEFAULT nextval('testapp_book_id_seq'::regclass);


--
-- Name: id; Type: DEFAULT; Schema: public; Owner: user
--

ALTER TABLE ONLY testapp_book_authors ALTER COLUMN id SET DEFAULT nextval('testapp_book_authors_id_seq'::regclass);


--
-- Name: id; Type: DEFAULT; Schema: public; Owner: user
--

ALTER TABLE ONLY testapp_categories ALTER COLUMN id SET DEFAULT nextval('testapp_categories_id_seq'::regclass);


--
-- Name: id; Type: DEFAULT; Schema: public; Owner: user
--

ALTER TABLE ONLY testapp_images ALTER COLUMN id SET DEFAULT nextval('testapp_images_id_seq'::regclass);


--
-- Name: id; Type: DEFAULT; Schema: public; Owner: user
--

ALTER TABLE ONLY testapp_product ALTER COLUMN id SET DEFAULT nextval('testapp_product_id_seq'::regclass);


--
-- Name: id; Type: DEFAULT; Schema: public; Owner: user
--

ALTER TABLE ONLY testapp_publisher ALTER COLUMN id SET DEFAULT nextval('testapp_publisher_id_seq'::regclass);


--
-- Data for Name: auth_group; Type: TABLE DATA; Schema: public; Owner: user
--

COPY auth_group (id, name) FROM stdin;
\.


--
-- Name: auth_group_id_seq; Type: SEQUENCE SET; Schema: public; Owner: user
--

SELECT pg_catalog.setval('auth_group_id_seq', 1, false);


--
-- Data for Name: auth_group_permissions; Type: TABLE DATA; Schema: public; Owner: user
--

COPY auth_group_permissions (id, group_id, permission_id) FROM stdin;
\.


--
-- Name: auth_group_permissions_id_seq; Type: SEQUENCE SET; Schema: public; Owner: user
--

SELECT pg_catalog.setval('auth_group_permissions_id_seq', 1, false);


--
-- Data for Name: auth_permission; Type: TABLE DATA; Schema: public; Owner: user
--

COPY auth_permission (id, name, content_type_id, codename) FROM stdin;
1	Can add log entry	1	add_logentry
2	Can change log entry	1	change_logentry
3	Can delete log entry	1	delete_logentry
4	Can add permission	2	add_permission
5	Can change permission	2	change_permission
6	Can delete permission	2	delete_permission
7	Can add group	3	add_group
8	Can change group	3	change_group
9	Can delete group	3	delete_group
10	Can add user	4	add_user
11	Can change user	4	change_user
12	Can delete user	4	delete_user
13	Can add content type	5	add_contenttype
14	Can change content type	5	change_contenttype
15	Can delete content type	5	delete_contenttype
16	Can add session	6	add_session
17	Can change session	6	change_session
18	Can delete session	6	delete_session
19	Can add site	7	add_site
20	Can change site	7	change_site
21	Can delete site	7	delete_site
22	Can add publisher	8	add_publisher
23	Can change publisher	8	change_publisher
24	Can delete publisher	8	delete_publisher
25	Can add author	9	add_author
26	Can change author	9	change_author
27	Can delete author	9	delete_author
28	Can add book	10	add_book
29	Can change book	10	change_book
30	Can delete book	10	delete_book
31	Can add categories	11	add_categories
32	Can change categories	11	change_categories
33	Can delete categories	11	delete_categories
34	Can add images	12	add_images
35	Can change images	12	change_images
36	Can delete images	12	delete_images
37	Can add product	13	add_product
38	Can change product	13	change_product
39	Can delete product	13	delete_product
\.


--
-- Name: auth_permission_id_seq; Type: SEQUENCE SET; Schema: public; Owner: user
--

SELECT pg_catalog.setval('auth_permission_id_seq', 42, true);


--
-- Data for Name: auth_user; Type: TABLE DATA; Schema: public; Owner: user
--

COPY auth_user (id, username, first_name, last_name, email, password, is_staff, is_active, is_superuser, last_login, date_joined) FROM stdin;
1	serafinn			serafinn@mail.ru	pbkdf2_sha256$10000$5Mq51C4jI8AJ$PdImUZx7aQJDVbCiDx03HBsS5Ex7DbaUB2EJ0MWuTFs=	t	t	t	2016-07-23 23:48:28.094465+07	2016-07-23 23:46:16.357792+07
\.


--
-- Data for Name: auth_user_groups; Type: TABLE DATA; Schema: public; Owner: user
--

COPY auth_user_groups (id, user_id, group_id) FROM stdin;
\.


--
-- Name: auth_user_groups_id_seq; Type: SEQUENCE SET; Schema: public; Owner: user
--

SELECT pg_catalog.setval('auth_user_groups_id_seq', 1, false);


--
-- Name: auth_user_id_seq; Type: SEQUENCE SET; Schema: public; Owner: user
--

SELECT pg_catalog.setval('auth_user_id_seq', 1, true);


--
-- Data for Name: auth_user_user_permissions; Type: TABLE DATA; Schema: public; Owner: user
--

COPY auth_user_user_permissions (id, user_id, permission_id) FROM stdin;
\.


--
-- Name: auth_user_user_permissions_id_seq; Type: SEQUENCE SET; Schema: public; Owner: user
--

SELECT pg_catalog.setval('auth_user_user_permissions_id_seq', 1, false);


--
-- Data for Name: django_admin_log; Type: TABLE DATA; Schema: public; Owner: user
--

COPY django_admin_log (id, action_time, user_id, content_type_id, object_id, object_repr, action_flag, change_message) FROM stdin;
1	2016-07-23 23:51:08.919098+07	1	11	1	123|http://123.0.0.0/dsa/ds/|	1	
2	2016-07-23 23:52:13.380385+07	1	12	1	Images object	1	
3	2016-07-23 23:53:28.269654+07	1	12	2	Images object	1	
4	2016-07-24 20:58:18.975164+07	1	11	1	Cdm|http://127.0.0.1:8000/monitors/|	1	
5	2016-07-24 21:00:01.606223+07	1	11	2	19|http://127.0.0.1:8000/monitors/19|	1	
6	2016-07-24 21:55:42.478387+07	1	11	None	1|asd|	1	
7	2016-07-24 21:56:02.12153+07	1	11	None	23|/dsad/1|	1	
8	2016-07-24 21:57:22.121067+07	1	11	2	13|qwe|	1	
9	2016-07-24 21:57:41.508453+07	1	11	3	123|123123123|	1	
10	2016-07-24 22:02:21.59008+07	1	11	4	123 | ///312/31/ | 	1	
11	2016-07-24 22:23:29.780562+07	1	11	4	123 | /312/ | 	2	Changed url.
12	2016-07-24 22:28:27.057366+07	1	11	4	123 | 312/ | 	2	Changed url.
13	2016-07-24 22:33:48.813061+07	1	11	4	123 | 312/ | 	2	No fields changed.
14	2016-07-24 23:06:22.152037+07	1	11	4	123 | 312/qwe | 	2	Changed parent.
15	2016-07-24 23:07:20.213805+07	1	11	5	monitors | monitors/ | 	1	
16	2016-07-24 23:08:19.017085+07	1	12	1	Images object	1	
17	2016-07-24 23:10:24.910565+07	1	12	2	Images object	1	
18	2016-07-24 23:10:54.487091+07	1	13	4	Product object	1	
19	2016-07-24 23:12:13.266075+07	1	11	5	monitors | /monitors/ | 	2	Changed url.
20	2016-07-25 07:25:34.762472+07	1	11	1	Мониторы | /monitors/ | 	1	
21	2016-07-25 07:25:53.854079+07	1	11	2	19 | 19/monitors// | 	1	
22	2016-07-25 07:27:23.74215+07	1	11	3	21 | /monitors/21/ | 	1	
23	2016-07-25 07:33:19.345082+07	1	11	4	12 | /monitors/sdfa/ | 	1	
24	2016-07-25 07:34:16.510275+07	1	11	5	TFT | /monitors/21/tft/ | 	1	
25	2016-07-25 07:34:32.923995+07	1	11	6	19 | /monitors/21/tft/ew/ | 	1	
26	2016-07-25 07:41:12.344003+07	1	11	5	TFT | /monitors/21/tft/ | 3	3	
27	2016-07-25 07:41:43.433448+07	1	11	2	19 | 19/monitors// | 2	3	
28	2016-07-25 07:59:14.888555+07	1	11	7	12 | /monitors/21/12/ | 3	1	
213	2016-07-29 19:36:25.623096+07	1	13	5	5 | 19 vjy 1	1	
214	2016-07-29 19:36:42.964988+07	1	13	6	6 | 19 vjy 2	1	
215	2016-07-29 19:37:03.456369+07	1	13	7	7 | 19 vjy 3	1	
216	2016-07-29 19:37:17.664118+07	1	13	8	8 | 19 vjy 4	1	
217	2016-07-29 19:37:40.005912+07	1	13	9	9 | 19 vjy 4	1	
218	2016-07-29 19:38:12.549994+07	1	13	10	10 | 19 vjy 5	1	
219	2016-07-29 19:38:26.523115+07	1	13	11	11 | 19 vjy 5	1	
220	2016-07-29 19:38:39.384912+07	1	13	12	12 | 19 vjy 6	1	
221	2016-07-29 19:38:59.838749+07	1	13	13	13 | 19 vjy 7	1	
222	2016-07-29 19:39:09.901579+07	1	13	14	14 | 19 vjy 6	1	
223	2016-07-29 20:21:09.686087+07	1	13	15	15 | 19 фыв 	1	
224	2016-07-31 09:41:16.873322+07	1	11	9	9 | test_cat | 	1	
225	2016-07-31 23:58:38.954586+07	1	11	9	9 | test_cat1 | 3	2	Changed name and parent.
226	2016-08-01 00:01:28.47257+07	1	11	10	10 | тек | 1	1	
227	2016-08-04 09:06:53.66237+07	1	13	16	16 - 1	1	
228	2016-08-04 09:26:06.770114+07	1	12	5	5	1	
229	2016-08-04 09:27:09.016289+07	1	12	6	6	1	
230	2016-08-04 09:27:11.106945+07	1	11	1	1 - Мониторы	2	Changed default_image.
231	2016-08-04 09:27:46.964184+07	1	11	10	10 - тек	3	
232	2016-08-04 09:28:08.785027+07	1	12	7	7	1	
233	2016-08-04 09:28:11.542111+07	1	11	8	8 - intel notebook	2	Changed default_image.
234	2016-08-04 09:28:18.312618+07	1	11	6	6 - amd	2	Changed default_image.
235	2016-08-04 09:28:33.395388+07	1	11	5	5 - intel	2	Changed default_image.
236	2016-08-04 09:29:13.404713+07	1	13	3	3 - 21" монитор noname	2	Changed image.
237	2016-08-04 09:29:26.116309+07	1	11	2	2 - Процессоры	2	Changed default_image.
238	2016-08-04 09:29:33.112964+07	1	12	5	5	3	
239	2016-08-04 09:29:33.143604+07	1	12	2	2	3	
240	2016-08-04 09:29:33.154845+07	1	12	1	1	3	
241	2016-08-04 09:30:23.969876+07	1	11	9	9 - test_cat1	3	
242	2016-08-04 09:32:05.232995+07	1	13	15	15 - 19" noname	2	Changed name and description.
243	2016-08-04 09:32:53.697171+07	1	13	14	14 - 19" noname 1	2	Changed name and description.
244	2016-08-04 09:33:04.339935+07	1	13	13	13 - 19" noname 2	2	Changed name.
245	2016-08-04 09:33:12.751041+07	1	13	12	12 - 19" noname 3	2	Changed name.
246	2016-08-04 09:33:24.209198+07	1	13	11	11 - 19" noname 4	2	Changed name.
247	2016-08-04 09:33:39.799408+07	1	13	10	10 - 19" noname 5	2	Changed name.
248	2016-08-04 09:33:51.661565+07	1	13	9	9 - 19" noname 6	2	Changed name.
249	2016-08-04 09:33:58.762725+07	1	13	8	8 - 19" noname 7	2	Changed name.
250	2016-08-04 09:34:10.306958+07	1	13	7	7 - 19" noname 8	2	Changed name.
251	2016-08-04 09:34:18.022957+07	1	13	6	6 - 19" noname 8	2	Changed name.
252	2016-08-04 09:34:23.438834+07	1	13	6	6 - 19" noname 9	2	Changed name.
253	2016-08-04 09:34:31.07183+07	1	13	5	5 - 19" noname 10	2	Changed name.
254	2016-08-04 09:34:37.821908+07	1	13	4	4 - Монитор без категории	2	Changed name.
255	2016-08-04 09:34:52.128137+07	1	13	3	3 - 21" noname	2	Changed name.
256	2016-08-04 09:35:00.51551+07	1	13	2	2 - 19" noname 11	2	Changed name.
257	2016-08-04 09:35:08.263408+07	1	13	1	1 - 19" noname 12	2	Changed name.
258	2016-08-04 09:36:35.586529+07	1	13	17	17 - Процесор intel	1	
259	2016-08-04 09:37:03.618016+07	1	13	18	18 - Видео карта	1	
260	2016-08-04 09:37:44.476399+07	1	12	8	8	1	
261	2016-08-04 09:37:46.526483+07	1	11	7	7 - Видео карты	2	Changed default_image.
\.


--
-- Name: django_admin_log_id_seq; Type: SEQUENCE SET; Schema: public; Owner: user
--

SELECT pg_catalog.setval('django_admin_log_id_seq', 261, true);


--
-- Data for Name: django_content_type; Type: TABLE DATA; Schema: public; Owner: user
--

COPY django_content_type (id, name, app_label, model) FROM stdin;
1	log entry	admin	logentry
2	permission	auth	permission
3	group	auth	group
4	user	auth	user
5	content type	contenttypes	contenttype
6	session	sessions	session
7	site	sites	site
8	publisher	testapp	publisher
9	author	testapp	author
10	book	testapp	book
11	categories	testapp	categories
12	images	testapp	images
13	product	testapp	product
\.


--
-- Name: django_content_type_id_seq; Type: SEQUENCE SET; Schema: public; Owner: user
--

SELECT pg_catalog.setval('django_content_type_id_seq', 14, true);


--
-- Data for Name: django_session; Type: TABLE DATA; Schema: public; Owner: user
--

COPY django_session (session_key, session_data, expire_date) FROM stdin;
820634d2dbe8ee6df033a293ae08bacf	YzA2NDFmYzQwMDNmYzMxMzYyMTUyMTQ1M2M0ZmFmMzgxNzkxNzA4YzqAAn1xAShVEl9hdXRoX3Vz\nZXJfYmFja2VuZHECVSlkamFuZ28uY29udHJpYi5hdXRoLmJhY2tlbmRzLk1vZGVsQmFja2VuZHED\nVQ1fYXV0aF91c2VyX2lkcQRLAXUu\n	2016-08-06 23:48:28.105973+07
a9ca8dd779c57d24101a253517461d79	YzA2NDFmYzQwMDNmYzMxMzYyMTUyMTQ1M2M0ZmFmMzgxNzkxNzA4YzqAAn1xAShVEl9hdXRoX3Vz\nZXJfYmFja2VuZHECVSlkamFuZ28uY29udHJpYi5hdXRoLmJhY2tlbmRzLk1vZGVsQmFja2VuZHED\nVQ1fYXV0aF91c2VyX2lkcQRLAXUu\n	2016-08-05 15:21:15.898438+07
\.


--
-- Data for Name: django_site; Type: TABLE DATA; Schema: public; Owner: user
--

COPY django_site (id, domain, name) FROM stdin;
1	example.com	example.com
\.


--
-- Name: django_site_id_seq; Type: SEQUENCE SET; Schema: public; Owner: user
--

SELECT pg_catalog.setval('django_site_id_seq', 1, true);


--
-- Data for Name: testapp_author; Type: TABLE DATA; Schema: public; Owner: user
--

COPY testapp_author (id, salutation, first_name, last_name, email, headshot) FROM stdin;
\.


--
-- Name: testapp_author_id_seq; Type: SEQUENCE SET; Schema: public; Owner: user
--

SELECT pg_catalog.setval('testapp_author_id_seq', 1, false);


--
-- Data for Name: testapp_book; Type: TABLE DATA; Schema: public; Owner: user
--

COPY testapp_book (id, title, publisher_id, publication_date) FROM stdin;
\.


--
-- Data for Name: testapp_book_authors; Type: TABLE DATA; Schema: public; Owner: user
--

COPY testapp_book_authors (id, book_id, author_id) FROM stdin;
\.


--
-- Name: testapp_book_authors_id_seq; Type: SEQUENCE SET; Schema: public; Owner: user
--

SELECT pg_catalog.setval('testapp_book_authors_id_seq', 1, false);


--
-- Name: testapp_book_id_seq; Type: SEQUENCE SET; Schema: public; Owner: user
--

SELECT pg_catalog.setval('testapp_book_id_seq', 1, false);


--
-- Data for Name: testapp_categories; Type: TABLE DATA; Schema: public; Owner: user
--

COPY testapp_categories (id, name, parent_id, slug, default_image_id) FROM stdin;
4	21	1	21	\N
3	19	1	19	\N
1	Мониторы	\N	monitors	6
8	intel notebook	5	intel-notebook	7
6	amd	2	amd	\N
5	intel	2	intel	7
2	Процессоры	\N	cpu	7
7	Видео карты	\N	video-karty	8
\.


--
-- Name: testapp_categories_id_seq; Type: SEQUENCE SET; Schema: public; Owner: user
--

SELECT pg_catalog.setval('testapp_categories_id_seq', 10, true);


--
-- Data for Name: testapp_images; Type: TABLE DATA; Schema: public; Owner: user
--

COPY testapp_images (id, image) FROM stdin;
6	pics/mon.duckduckgo.com_MhIr3R7.png
7	pics/images.duckduckgo.com.png
8	pics/video.jpeg
\.


--
-- Name: testapp_images_id_seq; Type: SEQUENCE SET; Schema: public; Owner: user
--

SELECT pg_catalog.setval('testapp_images_id_seq', 8, true);


--
-- Data for Name: testapp_product; Type: TABLE DATA; Schema: public; Owner: user
--

COPY testapp_product (id, name, category_id, count, price, description, image_id) FROM stdin;
15	19" noname	3	1	1	Монитор без имени	\N
14	19" noname 1	3	1	1	19" noname	\N
13	19" noname 2	3	1	1	12 4124 12 4	\N
12	19" noname 3	3	1	1	19 vjy 6 19 vjy 619 vjy 619 vjy 619 vjy 619 vjy 619 vjy 619 vjy 619 vjy 619 vjy 619 vjy 6	\N
11	19" noname 4	3	1	1	19 vjy 4 19 vjy 419 vjy 419 vjy 4	\N
10	19" noname 5	3	1	1	1312 319 vjy 4	\N
9	19" noname 6	3	1	1	19 vjy 3 19 vjy 3 19 vjy 3 19 vjy 3 19 vjy 3 19 vjy 3 19 vjy 3 19 vjy 3 19 vjy 3 19 vjy 3 19 vjy 3 19 vjy 3 19 vjy 3 19 vjy 3 19 vjy 3 19 vjy 3 19 vjy 3 19 vjy 3 19 vjy 3 19 vjy 3 19 vjy 3 19 vjy 3 19 vjy 3 19 vjy 3 19 vjy 3 19 vjy 3 19 vjy 3 19 vjy 3 19 vjy 3 19 vjy 3 19 vjy 3 19 vjy 3 19 vjy 3 19 vjy 3 19 vjy 3 19 vjy 3 19 vjy 3 19 vjy 3 	\N
8	19" noname 7	3	1	1	1123123 1 23 123 12	\N
7	19" noname 8	3	1	1	19 vjy 319 vjy 319 vjy 319 vjy 319 vjy 319 vjy 319 vjy 319 vjy 319 vjy 319 vjy 319 vjy 319 vjy 3	\N
6	19" noname 9	3	1	1	12 312 32112 312 32112 312 32112 312 32112 312 32112 312 32112 312 32112 312 32112 312 32112 312 32112 312 321	\N
5	19" noname 10	3	1	1	19 vjy 119 vjy 119 vjy 119 vjy 119 vjy 119 vjy 119 vjy 119 vjy 119 vjy 119 vjy 119 vjy 119 vjy 119 vjy 119 vjy 1	\N
4	Монитор без категории	1	1	1	123 123 213 123	\N
3	21" noname	4	1	1	12 1 212 12 1 212 12 1 212 12 1 212 12 1 212 12 1 212 12 1 212 12 1 212 12 1 212 12 1 212 12 1 212 12 1 212 12 1 212 12 1 212 12 1 212 12 1 212 12 1 212 	\N
2	19" noname 11	3	1	1	asdas d asdas d asdas d asdas d asdas d asdas d asdas d asdas d asdas d asdas d asdas d asdas d asdas d asdas d asdas d asdas d asdas d asdas d asdas d asdas d asdas d asdas d asdas d asdas d asdas d asdas d asdas d asdas d asdas d asdas d asdas d asdas d asdas d asdas d asdas d asdas d asdas d asdas d asdas d asdas d asdas d asdas d asdas d asdas d asdas d asdas d asdas d asdas d 	\N
1	19" noname 12	3	1	1	123123123 123123123 123123123 123123123 123123123 123123123 123123123 123123123 123123123 123123123 123123123 123123123 123123123 123123123 123123123 123123123 123123123 123123123 123123123 123123123 123123123 123123123 123123123 123123123 123123123 123123123 123123123 123123123 123123123 123123123 123123123 123123123 123123123 123123123 123123123 123123123 123123123 123123123 123123123 123123123 123123123 123123123 123123123 123123123 123123123 123123123 123123123 123123123 123123123 123123123 123123123 123123123 123123123 123123123 123123123 123123123 123123123 123123123 123123123 123123123 123123123 123123123 123123123 123123123 123123123 123123123 123123123 123123123 123123123 123123123 123123123 123123123 123123123 123123123 123123123 123123123 123123123 123123123 123123123 123123123 123123123 123123123 123123123 123123123 123123123 123123123 123123123 123123123 123123123 123123123 	\N
17	Процесор intel	5	1	1	11	\N
18	Видео карта	7	1	1	Карта	\N
\.


--
-- Name: testapp_product_id_seq; Type: SEQUENCE SET; Schema: public; Owner: user
--

SELECT pg_catalog.setval('testapp_product_id_seq', 18, true);


--
-- Data for Name: testapp_publisher; Type: TABLE DATA; Schema: public; Owner: user
--

COPY testapp_publisher (id, name, address, city, state_province, country, website) FROM stdin;
1	Addison-Wesley	75 Arlington Street	Boston	MA	U.S.A.	http://www.apress.com/
3	Addison-Wesley	75 Arlington Street	Boston	MA	U.S.A.	http://www.apress.com/
5	Addison-Wesley	75 Arlington Street	Boston	MA	U.S.A.	http://www.apress.com/
7	Addison-Wesley	75 Arlington Street	Boston	MA	U.S.A.	http://www.apress.com/
9	Addison-Wesley	75 Arlington Street	Boston	MA	U.S.A.	http://www.apress.com/
11	Addison-Wesley	75 Arlington Street	Boston	MA	U.S.A.	http://www.apress.com/
13	Addison-Wesley	75 Arlington Street	Boston	MA	U.S.A.	http://www.apress.com/
15	Addison-Wesley	75 Arlington Street	Boston	MA	U.S.A.	http://www.apress.com/
17	Addison-Wesley	75 Arlington Street	Boston	MA	U.S.A.	http://www.apress.com/
19	Addison-Wesley	75 Arlington Street	Boston	MA	U.S.A.	http://www.apress.com/
21	Addison-Wesley	75 Arlington Street	Boston	MA	U.S.A.	http://www.apress.com/
23	Addison-Wesley	75 Arlington Street	Boston	MA	U.S.A.	http://www.apress.com/
25	Addison-Wesley	75 Arlington Street	Boston	MA	U.S.A.	http://www.apress.com/
2	Apress Publishing	10 Fawcett St.	Cambridge	MA	U.S.A.	http://www.oreilly.com/
4	Apress Publishing	10 Fawcett St.	Cambridge	MA	U.S.A.	http://www.oreilly.com/
6	Apress Publishing	10 Fawcett St.	Cambridge	MA	U.S.A.	http://www.oreilly.com/
8	Apress Publishing	10 Fawcett St.	Cambridge	MA	U.S.A.	http://www.oreilly.com/
10	Apress Publishing	10 Fawcett St.	Cambridge	MA	U.S.A.	http://www.oreilly.com/
12	Apress Publishing	10 Fawcett St.	Cambridge	MA	U.S.A.	http://www.oreilly.com/
14	Apress Publishing	10 Fawcett St.	Cambridge	MA	U.S.A.	http://www.oreilly.com/
16	Apress Publishing	10 Fawcett St.	Cambridge	MA	U.S.A.	http://www.oreilly.com/
18	Apress Publishing	10 Fawcett St.	Cambridge	MA	U.S.A.	http://www.oreilly.com/
20	Apress Publishing	10 Fawcett St.	Cambridge	MA	U.S.A.	http://www.oreilly.com/
22	Apress Publishing	10 Fawcett St.	Cambridge	MA	U.S.A.	http://www.oreilly.com/
24	Apress Publishing	10 Fawcett St.	Cambridge	MA	U.S.A.	http://www.oreilly.com/
26	Apress Publishing	10 Fawcett St.	Cambridge	MA	U.S.A.	http://www.oreilly.com/
27	Addison-Wesley	75 Arlington Street	Boston	MA	U.S.A.	http://www.apress.com/
28	Apress Publishing	10 Fawcett St.	Cambridge	MA	U.S.A.	http://www.oreilly.com/
29	Addison-Wesley	75 Arlington Street	Boston	MA	U.S.A.	http://www.apress.com/
30	O'Reilly	10 Fawcett St.	Cambridge	MA	U.S.A.	http://www.oreilly.com/
\.


--
-- Name: testapp_publisher_id_seq; Type: SEQUENCE SET; Schema: public; Owner: user
--

SELECT pg_catalog.setval('testapp_publisher_id_seq', 30, true);


--
-- Name: auth_group_name_key; Type: CONSTRAINT; Schema: public; Owner: user; Tablespace: 
--

ALTER TABLE ONLY auth_group
    ADD CONSTRAINT auth_group_name_key UNIQUE (name);


--
-- Name: auth_group_permissions_group_id_permission_id_key; Type: CONSTRAINT; Schema: public; Owner: user; Tablespace: 
--

ALTER TABLE ONLY auth_group_permissions
    ADD CONSTRAINT auth_group_permissions_group_id_permission_id_key UNIQUE (group_id, permission_id);


--
-- Name: auth_group_permissions_pkey; Type: CONSTRAINT; Schema: public; Owner: user; Tablespace: 
--

ALTER TABLE ONLY auth_group_permissions
    ADD CONSTRAINT auth_group_permissions_pkey PRIMARY KEY (id);


--
-- Name: auth_group_pkey; Type: CONSTRAINT; Schema: public; Owner: user; Tablespace: 
--

ALTER TABLE ONLY auth_group
    ADD CONSTRAINT auth_group_pkey PRIMARY KEY (id);


--
-- Name: auth_permission_content_type_id_codename_key; Type: CONSTRAINT; Schema: public; Owner: user; Tablespace: 
--

ALTER TABLE ONLY auth_permission
    ADD CONSTRAINT auth_permission_content_type_id_codename_key UNIQUE (content_type_id, codename);


--
-- Name: auth_permission_pkey; Type: CONSTRAINT; Schema: public; Owner: user; Tablespace: 
--

ALTER TABLE ONLY auth_permission
    ADD CONSTRAINT auth_permission_pkey PRIMARY KEY (id);


--
-- Name: auth_user_groups_pkey; Type: CONSTRAINT; Schema: public; Owner: user; Tablespace: 
--

ALTER TABLE ONLY auth_user_groups
    ADD CONSTRAINT auth_user_groups_pkey PRIMARY KEY (id);


--
-- Name: auth_user_groups_user_id_group_id_key; Type: CONSTRAINT; Schema: public; Owner: user; Tablespace: 
--

ALTER TABLE ONLY auth_user_groups
    ADD CONSTRAINT auth_user_groups_user_id_group_id_key UNIQUE (user_id, group_id);


--
-- Name: auth_user_pkey; Type: CONSTRAINT; Schema: public; Owner: user; Tablespace: 
--

ALTER TABLE ONLY auth_user
    ADD CONSTRAINT auth_user_pkey PRIMARY KEY (id);


--
-- Name: auth_user_user_permissions_pkey; Type: CONSTRAINT; Schema: public; Owner: user; Tablespace: 
--

ALTER TABLE ONLY auth_user_user_permissions
    ADD CONSTRAINT auth_user_user_permissions_pkey PRIMARY KEY (id);


--
-- Name: auth_user_user_permissions_user_id_permission_id_key; Type: CONSTRAINT; Schema: public; Owner: user; Tablespace: 
--

ALTER TABLE ONLY auth_user_user_permissions
    ADD CONSTRAINT auth_user_user_permissions_user_id_permission_id_key UNIQUE (user_id, permission_id);


--
-- Name: auth_user_username_key; Type: CONSTRAINT; Schema: public; Owner: user; Tablespace: 
--

ALTER TABLE ONLY auth_user
    ADD CONSTRAINT auth_user_username_key UNIQUE (username);


--
-- Name: django_admin_log_pkey; Type: CONSTRAINT; Schema: public; Owner: user; Tablespace: 
--

ALTER TABLE ONLY django_admin_log
    ADD CONSTRAINT django_admin_log_pkey PRIMARY KEY (id);


--
-- Name: django_content_type_app_label_model_key; Type: CONSTRAINT; Schema: public; Owner: user; Tablespace: 
--

ALTER TABLE ONLY django_content_type
    ADD CONSTRAINT django_content_type_app_label_model_key UNIQUE (app_label, model);


--
-- Name: django_content_type_pkey; Type: CONSTRAINT; Schema: public; Owner: user; Tablespace: 
--

ALTER TABLE ONLY django_content_type
    ADD CONSTRAINT django_content_type_pkey PRIMARY KEY (id);


--
-- Name: django_session_pkey; Type: CONSTRAINT; Schema: public; Owner: user; Tablespace: 
--

ALTER TABLE ONLY django_session
    ADD CONSTRAINT django_session_pkey PRIMARY KEY (session_key);


--
-- Name: django_site_pkey; Type: CONSTRAINT; Schema: public; Owner: user; Tablespace: 
--

ALTER TABLE ONLY django_site
    ADD CONSTRAINT django_site_pkey PRIMARY KEY (id);


--
-- Name: testapp_author_pkey; Type: CONSTRAINT; Schema: public; Owner: user; Tablespace: 
--

ALTER TABLE ONLY testapp_author
    ADD CONSTRAINT testapp_author_pkey PRIMARY KEY (id);


--
-- Name: testapp_book_authors_book_id_author_id_key; Type: CONSTRAINT; Schema: public; Owner: user; Tablespace: 
--

ALTER TABLE ONLY testapp_book_authors
    ADD CONSTRAINT testapp_book_authors_book_id_author_id_key UNIQUE (book_id, author_id);


--
-- Name: testapp_book_authors_pkey; Type: CONSTRAINT; Schema: public; Owner: user; Tablespace: 
--

ALTER TABLE ONLY testapp_book_authors
    ADD CONSTRAINT testapp_book_authors_pkey PRIMARY KEY (id);


--
-- Name: testapp_book_pkey; Type: CONSTRAINT; Schema: public; Owner: user; Tablespace: 
--

ALTER TABLE ONLY testapp_book
    ADD CONSTRAINT testapp_book_pkey PRIMARY KEY (id);


--
-- Name: testapp_categories_id_default_image_id_key; Type: CONSTRAINT; Schema: public; Owner: user; Tablespace: 
--

ALTER TABLE ONLY testapp_categories
    ADD CONSTRAINT testapp_categories_id_default_image_id_key UNIQUE (id, default_image_id);


--
-- Name: testapp_categories_pkey; Type: CONSTRAINT; Schema: public; Owner: user; Tablespace: 
--

ALTER TABLE ONLY testapp_categories
    ADD CONSTRAINT testapp_categories_pkey PRIMARY KEY (id);


--
-- Name: testapp_categories_slug_key; Type: CONSTRAINT; Schema: public; Owner: user; Tablespace: 
--

ALTER TABLE ONLY testapp_categories
    ADD CONSTRAINT testapp_categories_slug_key UNIQUE (slug);


--
-- Name: testapp_images_pkey; Type: CONSTRAINT; Schema: public; Owner: user; Tablespace: 
--

ALTER TABLE ONLY testapp_images
    ADD CONSTRAINT testapp_images_pkey PRIMARY KEY (id);


--
-- Name: testapp_product_pkey; Type: CONSTRAINT; Schema: public; Owner: user; Tablespace: 
--

ALTER TABLE ONLY testapp_product
    ADD CONSTRAINT testapp_product_pkey PRIMARY KEY (id);


--
-- Name: testapp_publisher_pkey; Type: CONSTRAINT; Schema: public; Owner: user; Tablespace: 
--

ALTER TABLE ONLY testapp_publisher
    ADD CONSTRAINT testapp_publisher_pkey PRIMARY KEY (id);


--
-- Name: auth_group_permissions_group_id; Type: INDEX; Schema: public; Owner: user; Tablespace: 
--

CREATE INDEX auth_group_permissions_group_id ON auth_group_permissions USING btree (group_id);


--
-- Name: auth_group_permissions_permission_id; Type: INDEX; Schema: public; Owner: user; Tablespace: 
--

CREATE INDEX auth_group_permissions_permission_id ON auth_group_permissions USING btree (permission_id);


--
-- Name: auth_permission_content_type_id; Type: INDEX; Schema: public; Owner: user; Tablespace: 
--

CREATE INDEX auth_permission_content_type_id ON auth_permission USING btree (content_type_id);


--
-- Name: auth_user_groups_group_id; Type: INDEX; Schema: public; Owner: user; Tablespace: 
--

CREATE INDEX auth_user_groups_group_id ON auth_user_groups USING btree (group_id);


--
-- Name: auth_user_groups_user_id; Type: INDEX; Schema: public; Owner: user; Tablespace: 
--

CREATE INDEX auth_user_groups_user_id ON auth_user_groups USING btree (user_id);


--
-- Name: auth_user_user_permissions_permission_id; Type: INDEX; Schema: public; Owner: user; Tablespace: 
--

CREATE INDEX auth_user_user_permissions_permission_id ON auth_user_user_permissions USING btree (permission_id);


--
-- Name: auth_user_user_permissions_user_id; Type: INDEX; Schema: public; Owner: user; Tablespace: 
--

CREATE INDEX auth_user_user_permissions_user_id ON auth_user_user_permissions USING btree (user_id);


--
-- Name: django_admin_log_content_type_id; Type: INDEX; Schema: public; Owner: user; Tablespace: 
--

CREATE INDEX django_admin_log_content_type_id ON django_admin_log USING btree (content_type_id);


--
-- Name: django_admin_log_user_id; Type: INDEX; Schema: public; Owner: user; Tablespace: 
--

CREATE INDEX django_admin_log_user_id ON django_admin_log USING btree (user_id);


--
-- Name: django_session_expire_date; Type: INDEX; Schema: public; Owner: user; Tablespace: 
--

CREATE INDEX django_session_expire_date ON django_session USING btree (expire_date);


--
-- Name: testapp_book_authors_author_id; Type: INDEX; Schema: public; Owner: user; Tablespace: 
--

CREATE INDEX testapp_book_authors_author_id ON testapp_book_authors USING btree (author_id);


--
-- Name: testapp_book_authors_book_id; Type: INDEX; Schema: public; Owner: user; Tablespace: 
--

CREATE INDEX testapp_book_authors_book_id ON testapp_book_authors USING btree (book_id);


--
-- Name: testapp_book_publisher_id; Type: INDEX; Schema: public; Owner: user; Tablespace: 
--

CREATE INDEX testapp_book_publisher_id ON testapp_book USING btree (publisher_id);


--
-- Name: testapp_categories_default_image_id; Type: INDEX; Schema: public; Owner: user; Tablespace: 
--

CREATE INDEX testapp_categories_default_image_id ON testapp_categories USING btree (default_image_id);


--
-- Name: testapp_categories_parent_id; Type: INDEX; Schema: public; Owner: user; Tablespace: 
--

CREATE INDEX testapp_categories_parent_id ON testapp_categories USING btree (parent_id);


--
-- Name: testapp_product_category_id; Type: INDEX; Schema: public; Owner: user; Tablespace: 
--

CREATE INDEX testapp_product_category_id ON testapp_product USING btree (category_id);


--
-- Name: testapp_product_image_id; Type: INDEX; Schema: public; Owner: user; Tablespace: 
--

CREATE INDEX testapp_product_image_id ON testapp_product USING btree (image_id);


--
-- Name: auth_group_permissions_permission_id_fkey; Type: FK CONSTRAINT; Schema: public; Owner: user
--

ALTER TABLE ONLY auth_group_permissions
    ADD CONSTRAINT auth_group_permissions_permission_id_fkey FOREIGN KEY (permission_id) REFERENCES auth_permission(id) DEFERRABLE INITIALLY DEFERRED;


--
-- Name: auth_user_groups_group_id_fkey; Type: FK CONSTRAINT; Schema: public; Owner: user
--

ALTER TABLE ONLY auth_user_groups
    ADD CONSTRAINT auth_user_groups_group_id_fkey FOREIGN KEY (group_id) REFERENCES auth_group(id) DEFERRABLE INITIALLY DEFERRED;


--
-- Name: auth_user_user_permissions_permission_id_fkey; Type: FK CONSTRAINT; Schema: public; Owner: user
--

ALTER TABLE ONLY auth_user_user_permissions
    ADD CONSTRAINT auth_user_user_permissions_permission_id_fkey FOREIGN KEY (permission_id) REFERENCES auth_permission(id) DEFERRABLE INITIALLY DEFERRED;


--
-- Name: book_id_refs_id_cd1907c0; Type: FK CONSTRAINT; Schema: public; Owner: user
--

ALTER TABLE ONLY testapp_book_authors
    ADD CONSTRAINT book_id_refs_id_cd1907c0 FOREIGN KEY (book_id) REFERENCES testapp_book(id) DEFERRABLE INITIALLY DEFERRED;


--
-- Name: content_type_id_refs_id_288599e6; Type: FK CONSTRAINT; Schema: public; Owner: user
--

ALTER TABLE ONLY django_admin_log
    ADD CONSTRAINT content_type_id_refs_id_288599e6 FOREIGN KEY (content_type_id) REFERENCES django_content_type(id) DEFERRABLE INITIALLY DEFERRED;


--
-- Name: content_type_id_refs_id_728de91f; Type: FK CONSTRAINT; Schema: public; Owner: user
--

ALTER TABLE ONLY auth_permission
    ADD CONSTRAINT content_type_id_refs_id_728de91f FOREIGN KEY (content_type_id) REFERENCES django_content_type(id) DEFERRABLE INITIALLY DEFERRED;


--
-- Name: django_admin_log_content_type_id_fkey; Type: FK CONSTRAINT; Schema: public; Owner: user
--

ALTER TABLE ONLY django_admin_log
    ADD CONSTRAINT django_admin_log_content_type_id_fkey FOREIGN KEY (content_type_id) REFERENCES django_content_type(id) DEFERRABLE INITIALLY DEFERRED;


--
-- Name: django_admin_log_user_id_fkey; Type: FK CONSTRAINT; Schema: public; Owner: user
--

ALTER TABLE ONLY django_admin_log
    ADD CONSTRAINT django_admin_log_user_id_fkey FOREIGN KEY (user_id) REFERENCES auth_user(id) DEFERRABLE INITIALLY DEFERRED;


--
-- Name: group_id_refs_id_3cea63fe; Type: FK CONSTRAINT; Schema: public; Owner: user
--

ALTER TABLE ONLY auth_group_permissions
    ADD CONSTRAINT group_id_refs_id_3cea63fe FOREIGN KEY (group_id) REFERENCES auth_group(id) DEFERRABLE INITIALLY DEFERRED;


--
-- Name: parent_id_refs_id_7a48ab89; Type: FK CONSTRAINT; Schema: public; Owner: user
--

ALTER TABLE ONLY testapp_categories
    ADD CONSTRAINT parent_id_refs_id_7a48ab89 FOREIGN KEY (parent_id) REFERENCES testapp_categories(id) DEFERRABLE INITIALLY DEFERRED;


--
-- Name: testapp_book_authors_author_id_fkey; Type: FK CONSTRAINT; Schema: public; Owner: user
--

ALTER TABLE ONLY testapp_book_authors
    ADD CONSTRAINT testapp_book_authors_author_id_fkey FOREIGN KEY (author_id) REFERENCES testapp_author(id) DEFERRABLE INITIALLY DEFERRED;


--
-- Name: testapp_book_publisher_id_fkey; Type: FK CONSTRAINT; Schema: public; Owner: user
--

ALTER TABLE ONLY testapp_book
    ADD CONSTRAINT testapp_book_publisher_id_fkey FOREIGN KEY (publisher_id) REFERENCES testapp_publisher(id) DEFERRABLE INITIALLY DEFERRED;


--
-- Name: testapp_categories_default_image_id_fkey; Type: FK CONSTRAINT; Schema: public; Owner: user
--

ALTER TABLE ONLY testapp_categories
    ADD CONSTRAINT testapp_categories_default_image_id_fkey FOREIGN KEY (default_image_id) REFERENCES testapp_images(id) DEFERRABLE INITIALLY DEFERRED;


--
-- Name: testapp_product_category_id_fkey; Type: FK CONSTRAINT; Schema: public; Owner: user
--

ALTER TABLE ONLY testapp_product
    ADD CONSTRAINT testapp_product_category_id_fkey FOREIGN KEY (category_id) REFERENCES testapp_categories(id) DEFERRABLE INITIALLY DEFERRED;


--
-- Name: testapp_product_image_id_fkey; Type: FK CONSTRAINT; Schema: public; Owner: user
--

ALTER TABLE ONLY testapp_product
    ADD CONSTRAINT testapp_product_image_id_fkey FOREIGN KEY (image_id) REFERENCES testapp_images(id) DEFERRABLE INITIALLY DEFERRED;


--
-- Name: user_id_refs_id_831107f1; Type: FK CONSTRAINT; Schema: public; Owner: user
--

ALTER TABLE ONLY auth_user_groups
    ADD CONSTRAINT user_id_refs_id_831107f1 FOREIGN KEY (user_id) REFERENCES auth_user(id) DEFERRABLE INITIALLY DEFERRED;


--
-- Name: user_id_refs_id_c8665aa; Type: FK CONSTRAINT; Schema: public; Owner: user
--

ALTER TABLE ONLY django_admin_log
    ADD CONSTRAINT user_id_refs_id_c8665aa FOREIGN KEY (user_id) REFERENCES auth_user(id) DEFERRABLE INITIALLY DEFERRED;


--
-- Name: user_id_refs_id_f2045483; Type: FK CONSTRAINT; Schema: public; Owner: user
--

ALTER TABLE ONLY auth_user_user_permissions
    ADD CONSTRAINT user_id_refs_id_f2045483 FOREIGN KEY (user_id) REFERENCES auth_user(id) DEFERRABLE INITIALLY DEFERRED;


--
-- Name: public; Type: ACL; Schema: -; Owner: postgres
--

REVOKE ALL ON SCHEMA public FROM PUBLIC;
REVOKE ALL ON SCHEMA public FROM postgres;
GRANT ALL ON SCHEMA public TO postgres;
GRANT ALL ON SCHEMA public TO PUBLIC;


--
-- PostgreSQL database dump complete
--

